[
  {
    "name": "amazonwebservices",
    "tags": ["cloud", "hosting", "server"],
    "versions": {
      "svg": ["original", "original-wordmark", "plain-wordmark"],
      "font": ["original", "plain-wordmark"]
    }
  },
  {
    "name": "android",
    "tags": ["os", "mobile"],
    "versions": {
      "svg": ["original", "original-wordmark", "plain", "plain-wordmark"],
      "font": ["plain", "plain-wordmark"]
    }
  },
  {
    "name": "angularjs",
    "tags": ["framework", "javascript"],
    "versions": {
      "svg": ["original", "original-wordmark", "plain", "plain-wordmark"],
      "font": ["plain", "plain-wordmark"]
    }
  },
  {
    "name": "apache",
    "tags": ["php"],
    "versions": {
      "svg": ["original", "original-wordmark", "plain", "plain-wordmark", "line", "line-wordmark"],
      "font": ["plain", "plain-wordmark", "line", "line-wordmark"]
    }
  },
  {
    "name": "appcelerator",
    "tags": ["app", "mobile"],
    "versions": {
      "svg": ["original", "original-wordmark", "plain-wordmark"],
      "font": ["original", "plain-wordmark"]
    }
  },
  {
    "name": "apple",
    "tags": ["brand", "mobile"],
    "versions": {
      "svg": ["original"],
      "font": ["original"]
    }
  },
  {
    "name": "atom",
    "tags": ["editor"],
    "versions": {
      "svg": ["original", "original-wordmark"],
      "font": ["original", "original-wordmark"]
    }
  },
  {
    "name": "babel",
    "tags": ["javascript", "transpiler"],
    "versions": {
      "svg": ["original", "plain"],
      "font": ["plain"]
    }
  },
  {
    "name": "backbonejs",
    "tags": ["javascript", "framework"],
    "versions": {
      "svg": ["original", "original-wordmark", "plain", "plain-wordmark"],
      "font": ["plain", "plain-wordmark"]
    }
  },
  {
    "name": "behance",
    "tags": ["social", "website"],
    "versions": {
      "svg": ["original", "original-wordmark", "plain", "plain-wordmark"],
      "font": ["plain", "plain-wordmark"]
    }
  },
  {
    "name": "bitbucket",
    "tags": [],
    "versions": {
      "svg": ["original", "original-wordmark"],
      "font": ["plain", "plain-wordmark"]
    }
  },
  {
    "name": "bootstrap",
    "tags": ["css", "framework"],
    "versions": {
      "svg": ["plain", "plain-wordmark"],
      "font": ["plain", "plain-wordmark"]
    }
  },
  {
    "name": "bower",
    "tags": ["package", "manager"],
    "versions": {
      "svg": ["original", "original-wordmark", "plain", "plain-wordmark", "line", "line-wordmark"],
      "font": ["plain", "plain-wordmark", "line", "line-wordmark"]
    }
  },
  {
    "name": "c",
    "tags": ["language"],
    "versions": {
      "svg": ["original", "plain", "line"],
      "font": ["plain", "plain-wordmark", "line", "line-wordmark"]
    }
  },
  {
    "name": "cakephp",
    "tags": ["framework"],
    "versions": {
      "svg": ["original", "original-wordmark", "plain", "plain-wordmark"],
      "font": ["plain", "plain-wordmark"]
    }
  },
  {
    "name": "ceylon",
    "tags": ["language"],
    "versions": {
      "svg": ["original", "original-wordmark", "plain", "plain-wordmark"],
      "font": ["plain"]
    }
  },
  {
    "name": "chrome",
    "tags": ["browser"],
    "versions": {
      "svg": ["original", "original-wordmark", "plain", "plain-wordmark"],
      "font": ["plain", "plain-wordmark"]
    }
  },
  {
    "name": "clojure",
    "tags": ["language"],
    "versions": {
      "svg": ["original", "line", "plain"],
      "font": []
    }
  },
  {
    "name": "clojurescript",
    "tags": ["language"],
    "versions": {
      "svg": ["original", "plain"],
      "font": []
    }
  },
  {
    "name": "codeigniter",
    "tags": ["php", "framework"],
    "versions": {
      "svg": ["plain", "plain-wordmark"],
      "font": ["plain", "plain-wordmark"]
    }
  },
  {
    "name": "coffeescript",
    "tags": ["javascript", "language"],
    "versions": {
      "svg": ["original", "original-wordmark"],
      "font": ["original", "original-wordmark"]
    }
  },
  {
    "name": "confluence",
    "tags": [],
    "versions": {
      "svg": ["original", "original-wordmark"],
      "font": ["plain", "plain-wordmark"]
    }
  },
  {
    "name": "couchdb",
    "tags": ["database"],
    "versions": {
      "svg": ["original", "original-wordmark", "plain", "plain-wordmark"],
      "font": ["plain", "plain-wordmark"]
    }
  },
  {
    "name": "cplusplus",
    "tags": ["language"],
    "versions": {
      "svg": ["original", "plain", "line"],
      "font": ["plain", "plain-wordmark", "line", "line-wordmark"]
    }
  },
  {
    "name": "csharp",
    "tags": ["language"],
    "versions": {
      "svg": ["original", "plain", "line"],
      "font": ["plain", "plain-wordmark", "line", "line-wordmark"]
    }
  },
  {
    "name": "css3",
    "tags": ["language", "programming"],
    "versions": {
      "svg": ["original", "original-wordmark", "plain", "plain-wordmark"],
      "font": ["plain", "plain-wordmark"]
    }
  },
  {
    "name": "cucumber",
    "tags": ["framework"],
    "versions": {
      "svg": ["plain", "plain-wordmark"],
      "font": ["plain", "plain-wordmark"]
    }
  },
  {
    "name": "d3js",
    "tags": [],
    "versions": {
      "svg": ["original", "plain"],
      "font": ["plain"]
    }
  },
  {
    "name": "debian",
    "tags": ["os", "server"],
    "versions": {
      "svg": ["original", "original-wordmark", "plain", "plain-wordmark"],
      "font": ["plain", "plain-wordmark"]
    }
  },
  {
    "name": "devicon",
    "tags": ["iconset"],
    "versions": {
      "svg": ["original", "original-wordmark", "plain", "plain-wordmark"],
      "font": ["plain", "plain-wordmark"]
    }
  },
  {
    "name": "django",
    "tags": [],
    "versions": {
      "svg": ["original", "plain", "line"],
      "font": ["plain", "plain-wordmark", "line", "line-wordmark"]
    }
  },
  {
    "name": "docker",
    "tags": ["platform", "deploy"],
    "versions": {
      "svg": ["original", "original-wordmark", "plain", "plain-wordmark"],
      "font": ["plain", "plain-wordmark"]
    }
  },
  {
    "name": "doctrine",
    "tags": [],
    "versions": {
      "svg": ["original", "original-wordmark", "plain", "plain-wordmark", "line", "line-wordmark"],
      "font": ["plain", "plain-wordmark", "line", "line-wordmark"]
    }
  },
  {
    "name": "dot-net",
    "tags": ["framework"],
    "versions": {
      "svg": ["original", "original-wordmark", "plain", "plain-wordmark"],
      "font": ["plain", "plain-wordmark"]
    }
  },
  {
    "name": "drupal",
    "tags": ["cms"],
    "versions": {
      "svg": ["original", "original-wordmark", "plain", "plain-wordmark"],
      "font": ["plain", "plain-wordmark"]
    }
  },
  {
    "name": "electron",
    "tags": ["framework"],
    "versions": {
      "svg": ["original", "original-wordmark"],
      "font": ["original", "original-wordmark"]
    }
  },
  {
    "name": "elm",
    "tags": ["framework"],
    "versions": {
      "svg": ["original", "original-wordmark", "plain", "plain-wordmark"],
      "font": ["plain", "plain-wordmark"]
    }
  },
  {
    "name": "ember",
    "tags": ["framework"],
    "versions": {
      "svg": ["original-wordmark"],
      "font": ["original-wordmark"]
    }
  },
  {
    "name": "erlang",
    "tags": [],
    "versions": {
      "svg": ["original", "original-wordmark", "plain", "plain-wordmark"],
      "font": ["plain", "plain-wordmark"]
    }
  },
  {
    "name": "express",
    "tags": ["framework"],
    "versions": {
      "svg": ["original", "original-wordmark"],
      "font": ["original", "original-wordmark"]
    }
  },
  {
    "name": "facebook",
    "tags": ["auth"],
    "versions": {
      "svg": ["original", "plain"],
      "font": ["plain"]
    }
  },
  {
    "name": "firefox",
    "tags": ["browser"],
    "versions": {
      "svg": ["original", "original-wordmark", "plain", "plain-wordmark"],
      "font": ["plain", "plain-wordmark"]
    }
  },
  {
    "name": "foundation",
    "tags": ["framework", "css"],
    "versions": {
      "svg": ["original", "original-wordmark", "plain", "plain-wordmark"],
      "font": ["plain", "plain-wordmark"]
    }
  },
  {
    "name": "gatling",
    "tags": ["framework", "testing"],
    "versions": {
      "svg": ["plain", "plain-wordmark"],
      "font": ["plain", "plain-wordmark"]
    }
  },
  {
    "name": "gimp",
    "tags": ["graphic"],
    "versions": {
      "svg": ["original", "original-wordmark", "plain", "plain-wordmark"],
      "font": ["plain"]
    }
  },
  {
    "name": "git",
    "tags": ["version-control"],
    "versions": {
      "svg": ["original", "original-wordmark", "plain", "plain-wordmark"],
      "font": ["plain", "plain-wordmark"]
    }
  },
  {
    "name": "github",
    "tags": ["version-control"],
    "versions": {
      "svg": ["original", "original-wordmark"],
      "font": ["plain", "plain-wordmark"]
    }
  },
  {
    "name": "gitlab",
    "tags": ["version-control"],
    "versions": {
      "svg": ["original", "original-wordmark", "plain", "plain-wordmark"],
      "font": ["plain", "plain-wordmark"]
    }
  },
  {
    "name": "go",
    "tags": ["language"],
    "versions": {
      "svg": ["original", "plain", "line"],
      "font": ["plain", "line"]
    }
  },
  {
    "name": "google",
    "tags": ["auth"],
    "versions": {
      "svg": ["original", "original-wordmark", "plain", "plain-wordmark"],
      "font": ["plain", "plain-wordmark"]
    }
  },
  {
    "name": "gradle",
    "tags": ["task-runner"],
    "versions": {
      "svg": ["plain", "plain-wordmark"],
      "font": ["plain", "plain-wordmark"]
    }
  },
  {
    "name": "grails",
    "tags": ["framework"],
    "versions": {
      "svg": ["original", "plain"],
      "font": ["plain"]
    }
  },
  {
    "name": "groovy",
    "tags": ["programming", "language"],
    "versions": {
      "svg": ["original", "plain"],
      "font": ["plain"]
    }
  },
  {
    "name": "grunt",
    "tags": ["task-runner", "nodejs"],
    "versions": {
      "svg": ["original", "original-wordmark", "plain", "plain-wordmark", "line", "line-wordmark"],
      "font": ["plain", "plain-wordmark", "line", "line-wordmark"]
    }
  },
  {
    "name": "gulp",
    "tags": ["task-runner", "nodejs"],
    "versions": {
      "svg": ["plain"],
      "font": ["plain"]
    }
  },
  {
    "name": "handlebars",
    "tags": ["framework"],
    "versions": {
      "svg": ["original", "original-wordmark"],
      "font": ["plain", "plain-wordmark"]
    }
  },
  {
    "name": "heroku",
    "tags": ["cloud"],
    "versions": {
      "svg": ["original", "original-wordmark", "plain", "plain-wordmark"],
      "font": ["original", "original-wordmark", "plain", "plain-wordmark", "line", "line-wordmark"]
    }
  },
  {
    "name": "html5",
    "tags": ["programming", "language"],
    "versions": {
      "svg": ["original", "original-wordmark", "plain", "plain-wordmark"],
      "font": ["plain", "plain-wordmark"]
    }
  },
  {
    "name": "ie10",
    "tags": ["browser"],
    "versions": {
      "svg": ["original"],
      "font": ["original"]
    }
  },
  {
    "name": "illustrator",
    "tags": ["editor", "vector"],
    "versions": {
      "svg": ["plain", "line"],
      "font": ["plain", "line"]
    }
  },
  {
    "name": "inkscape",
    "tags": ["editor", "vector"],
    "versions": {
      "svg": ["original", "original-wordmark", "plain", "plain-wordmark"],
      "font": ["plain", "plain-wordmark"]
    }
  },
  {
    "name": "intellij",
    "tags": ["editor"],
    "versions": {
      "svg": ["original", "original-wordmark", "plain", "plain-wordmark"],
      "font": ["plain", "plain-wordmark"]
    }
  },
  {
    "name": "ionic",
    "tags": ["framework"],
    "versions": {
      "svg": ["original", "original-wordmark"],
      "font": ["original", "original-wordmark"]
    }
  },
  {
    "name": "jasmine",
    "tags": ["testing"],
    "versions": {
      "svg": ["plain", "plain-wordmark"],
      "font": ["plain", "plain-wordmark"]
    }
  },
  {
    "name": "java",
    "tags": ["programming", "language"],
    "versions": {
      "svg": ["original", "original-wordmark", "plain", "plain-wordmark"],
      "font": ["plain", "plain-wordmark"]
    }
  },
  {
    "name": "javascript",
    "tags": ["programming", "language"],
    "versions": {
      "svg": ["original", "plain"],
      "font": ["plain"]
    }
  },
  {
    "name": "jeet",
    "tags": ["framework", "css"],
    "versions": {
      "svg": ["original", "original-wordmark", "plain", "plain-wordmark"],
      "font": ["plain", "plain-wordmark"]
    }
  },
  {
    "name": "jetbrains",
    "tags": [],
    "versions": {
      "svg": ["original", "plain"],
      "font": ["plain", "plain-wordmark", "line", "line-wordmark"]
    }
  },
  {
    "name": "jquery",
    "tags": ["library", "javascript"],
    "versions": {
      "svg": ["original", "original-wordmark", "plain", "plain-wordmark"],
      "font": ["plain", "plain-wordmark"]
    }
  },
  {
    "name": "krakenjs",
    "tags": ["nodejs", "framework"],
    "versions": {
      "svg": ["original", "original-wordmark", "plain", "plain-wordmark"],
      "font": ["plain", "plain-wordmark"]
    }
  },
  {
    "name": "laravel",
    "tags": ["php", "framework"],
    "versions": {
      "svg": ["plain", "plain-wordmark"],
      "font": ["plain", "plain-wordmark"]
    }
  },
  {
    "name": "less",
    "tags": ["css", "pre-processor"],
    "versions": {
      "svg": ["plain-wordmark"],
      "font": ["plain-wordmark"]
    }
  },
  {
    "name": "linkedin",
    "tags": ["social", "auth"],
    "versions": {
      "svg": ["original", "original-wordmark", "plain", "plain-wordmark"],
      "font": ["plain", "plain-wordmark"]
    }
  },
  {
    "name": "linux",
    "tags": ["os"],
    "versions": {
      "svg": ["original", "plain"],
      "font": ["plain"]
    }
  },
  {
    "name": "meteor",
    "tags": ["javascript"],
    "versions": {
      "svg": ["original", "original-wordmark", "plain", "plain-wordmark"],
      "font": ["plain", "plain-wordmark"]
    }
  },
  {
    "name": "mocha",
    "tags": ["testing"],
    "versions": {
      "svg": ["plain"],
      "font": ["plain"]
    }
  },
  {
    "name": "mongodb",
    "tags": ["database"],
    "versions": {
      "svg": ["original", "original-wordmark", "plain", "plain-wordmark"],
      "font": ["plain", "plain-wordmark"]
    }
  },
  {
    "name": "moodle",
    "tags": ["platform"],
    "versions": {
      "svg": ["original", "original-wordmark", "plain", "plain-wordmark"],
      "font": ["plain", "plain-wordmark"]
    }
  },
  {
    "name": "mysql",
    "tags": ["database", "language"],
    "versions": {
      "svg": ["original", "original-wordmark", "plain", "plain-wordmark"],
      "font": ["plain", "plain-wordmark"]
    }
  },
  {
    "name": "nginx",
    "tags": ["server"],
    "versions": {
      "svg": ["original"],
      "font": ["original", "original-wordmark", "plain", "plain-wordmark"]
    }
  },
  {
    "name": "nodejs",
    "tags": ["javascript", "language"],
    "versions": {
      "svg": ["original", "original-wordmark", "plain", "plain-wordmark"],
      "font": ["plain", "plain-wordmark"]
    }
  },
  {
    "name": "nodewebkit",
    "tags": [],
    "versions": {
      "svg": ["original", "original-wordmark", "plain", "plain-wordmark", "line", "line-wordmark"],
      "font": ["plain", "plain-wordmark", "line", "line-wordmark"]
    }
  },
  {
    "name": "npm",
    "tags": ["package", "manager"],
    "versions": {
      "svg": ["original-wordmark"],
      "font": ["original-wordmark"]
    }
  },
  {
    "name": "oracle",
    "tags": ["database"],
    "versions": {
      "svg": ["original"],
      "font": ["original"]
    }
  },
  {
    "name": "photoshop",
    "tags": ["editor", "graphic"],
    "versions": {
      "svg": ["plain", "line"],
      "font": ["plain", "line"]
    }
  },
  {
    "name": "php",
    "tags": ["programming", "language"],
    "versions": {
      "svg": ["original", "plain"],
      "font": ["plain"]
    }
  },
  {
    "name": "phpstorm",
    "tags": ["editor"],
    "versions": {
      "svg": ["original", "original-wordmark", "plain", "plain-wordmark"],
      "font": ["plain", "plain-wordmark"]
    }
  },
  {
    "name": "postgresql",
    "tags": ["database"],
    "versions": {
      "svg": ["original", "original-wordmark", "plain", "plain-wordmark"],
      "font": ["plain", "plain-wordmark"]
    }
  },
  {
    "name": "protractor",
    "tags": ["framework", "javascript"],
    "versions": {
      "svg": ["plain", "plain-wordmark"],
      "font": ["plain", "plain-wordmark"]
    }
  },
  {
    "name": "pycharm",
    "tags": ["editor"],
    "versions": {
      "svg": ["original", "original-wordmark", "plain", "plain-wordmark"],
      "font": ["plain", "plain-wordmark"]
    }
  },
  {
    "name": "python",
    "tags": ["programming", "language"],
    "versions": {
      "svg": ["original", "original-wordmark", "plain", "plain-wordmark"],
      "font": ["plain", "plain-wordmark"]
    }
  },
  {
    "name": "rails",
    "tags": ["framework"],
    "versions": {
      "svg": ["original-wordmark", "plain", "plain-wordmark"],
      "font": ["plain", "plain-wordmark"]
    }
  },
  {
    "name": "react",
    "tags": ["framework"],
    "versions": {
      "svg": ["original", "original-wordmark"],
      "font": ["original", "original-wordmark"]
    }
  },
  {
    "name": "redhat",
    "tags": ["server", "linux"],
    "versions": {
      "svg": ["original", "original-wordmark", "plain", "plain-wordmark"],
      "font": ["plain", "plain-wordmark"]
    }
  },
  {
    "name": "redis",
    "tags": ["server"],
    "versions": {
      "svg": ["original", "original-wordmark", "plain", "plain-wordmark"],
      "font": ["plain", "plain-wordmark"]
    }
  },
  {
    "name": "redux",
    "tags": ["framework"],
    "versions": {
      "svg": ["original"],
      "font": []
    }
  },
  {
    "name": "ruby",
    "tags": ["programming", "language"],
    "versions": {
      "svg": ["original", "original-wordmark", "plain", "plain-wordmark"],
      "font": ["plain", "plain-wordmark"]
    }
  },
  {
    "name": "rubymine",
    "tags": ["editor"],
    "versions": {
      "svg": ["original", "original-wordmark", "plain", "plain-wordmark"],
      "font": ["plain", "plain-wordmark"]
    }
  },
  {
    "name": "rust",
    "tags": ["programming", "language"],
    "versions": {
      "svg": ["plain"],
      "font": ["plain"]
    }
  },
  {
    "name": "safari",
    "tags": ["browser"],
    "versions": {
      "svg": ["original", "original-wordmark", "plain", "plain-wordmark", "line-wordmark", "line"],
      "font": ["plain", "plain-wordmark", "line-wordmark", "line"]
    }
  },
  {
    "name": "sass",
    "tags": ["pre-processor", "css"],
    "versions": {
      "svg": ["original"],
      "font": ["original"]
    }
  },
  {
    "name": "scala",
    "tags": ["programming", "language"],
    "versions": {
      "svg": ["original", "original-wordmark", "plain", "plain-wordmark"],
      "font": ["plain", "plain-wordmark"]
    }
  },
  {
    "name": "sequelize",
    "tags": ["database", "language"],
    "versions": {
      "svg": ["original", "original-wordmark", "plain", "plain-wordmark"],
      "font": ["plain", "plain-wordmark"]
    }
  },
  {
    "name": "sketch",
    "tags": ["application"],
    "versions": {
      "svg": ["original", "original-wordmark", "line", "line-wordmark"],
      "font": ["line", "line-wordmark"]
    }
  },
  {
    "name": "slack",
    "tags": ["chat"],
    "versions": {
      "svg": ["original", "original-wordmark", "plain", "plain-wordmark"],
      "font": ["plain", "plain-wordmark"]
    }
  },
  {
    "name": "sourcetree",
    "tags": ["version-control"],
    "versions": {
      "svg": ["original", "original-wordmark"],
      "font": ["plain", "plain-wordmark"]
    }
  },
  {
    "name": "ssh",
    "tags": ["security"],
    "versions": {
      "svg": ["original", "original-wordmark"],
      "font": ["plain", "plain-wordmark"]
    }
  },
  {
    "name": "stylus",
    "tags": ["css", "pre-processor"],
    "versions": {
      "svg": ["original"],
      "font": ["original"]
    }
  },
  {
    "name": "swift",
    "tags": ["language"],
    "versions": {
      "svg": ["original", "original-wordmark", "plain", "plain-wordmark"],
      "font": ["plain", "plain-wordmark"]
    }
  },
  {
    "name": "symfony",
    "tags": ["framework"],
    "versions": {
      "svg": ["original", "original-wordmark"],
      "font": ["original", "original-wordmark"]
    }
  },
  {
    "name": "tomcat",
    "tags": ["server"],
    "versions": {
      "svg": ["original", "original-wordmark", "line", "line-wordmark"],
      "font": ["line", "line-wordmark"]
    }
  },
  {
    "name": "travis",
    "tags": ["platform", "integration"],
    "versions": {
      "svg": ["plain", "plain-wordmark"],
      "font": ["plain", "plain-wordmark"]
    }
  },
  {
    "name": "trello",
    "tags": ["platform", "organize"],
    "versions": {
      "svg": ["plain", "plain-wordmark"],
      "font": ["plain", "plain-wordmark"]
    }
  },
  {
    "name": "twitter",
    "tags": ["auth"],
    "versions": {
      "svg": ["original"],
      "font": ["plain"]
    }
  },
  {
    "name": "typescript",
    "tags": ["programming", "transpiler"],
    "versions": {
      "svg": ["original", "plain"],
      "font": ["plain"]
    }
  },
  {
    "name": "ubuntu",
    "tags": ["os"],
    "versions": {
      "svg": ["plain", "plain-wordmark"],
      "font": ["plain", "plain-wordmark"]
    }
  },
  {
    "name": "vagrant",
    "tags": ["platform"],
    "versions": {
      "svg": ["original", "original-wordmark", "plain", "plain-wordmark"],
      "font": ["plain", "plain-wordmark"]
    }
  },
  {
    "name": "vim",
    "tags": ["editor"],
    "versions": {
      "svg": ["original", "plain"],
      "font": ["plain"]
    }
  },
  {
    "name": "visualstudio",
    "tags": ["editor"],
    "versions": {
      "svg": ["plain", "plain-wordmark"],
      "font": ["plain", "plain-wordmark"]
    }
  },
  {
    "name": "vuejs",
    "tags": ["framework"],
    "versions": {
      "svg": ["original", "original-wordmark", "plain", "plain-wordmark", "line", "line-wordmark"],
      "font": ["plain", "plain-wordmark", "line", "line-wordmark"]
    }
  },
  {
    "name": "webpack",
    "tags": ["package", "manager"],
    "versions": {
      "svg": ["original", "original-wordmark", "plain", "plain-wordmark"],
      "font": ["plain", "plain-wordmark"]
    }
  },
  {
    "name": "webstorm",
    "tags": ["editor"],
    "versions": {
      "svg": ["original", "original-wordmark", "plain", "plain-wordmark"],
      "font": ["plain", "plain-wordmark"]
    }
  },
  {
    "name": "windows8",
    "tags": ["os"],
    "versions": {
      "svg": ["original", "original-wordmark"],
      "font": ["original", "original-wordmark"]
    }
  },
  {
    "name": "wordpress",
    "tags": ["cms"],
    "versions": {
      "svg": ["original", "plain", "plain-wordmark"],
      "font": ["plain", "plain-wordmark"]
    }
  },
  {
    "name": "yarn",
    "tags": ["package", "manager"],
    "versions": {
      "svg": ["original", "original-wordmark"],
      "font": ["plain", "plain-wordmark"]
    }
  },
  {
    "name": "yii",
    "tags": ["php", "framework"],
    "versions": {
      "svg": ["original", "original-wordmark", "plain", "plain-wordmark"],
      "font": ["plain", "plain-wordmark"]
    }
  },
  {
    "name": "yunohost",
    "tags": ["os"],
    "versions": {
      "svg": ["original"],
      "font": []
    }
  },
  {
    "name": "zend",
    "tags": ["php", "framework"],
    "versions": {
      "svg": ["plain", "plain-wordmark"],
      "font": ["plain", "plain-wordmark"]
    }
  }
]
